"","id","rate"
"1","01001",0
"2","01003",0
"3","01005",0
"4","01007",0
"5","01009",0
"6","01011",0
"7","01013",0
"8","01015",2.6
"9","01017",0
"10","01019",0
"11","01021",0
"12","01023",0
"13","01025",0
"14","01027",0
"15","01029",0
"16","01031",0
"17","01033",0
"18","01035",0
"19","01037",0
"20","01039",0
"21","01041",0
"22","01043",0
"23","01045",0
"24","01047",0.68
"25","01049",0
"26","01051",0
"27","01053",0
"28","01055",5.9
"29","01057",0
"30","01059",0
"31","01061",11.5
"32","01063",0
"33","01065",0
"34","01067",0
"35","01069",6.07
"36","01071",0
"37","01073",5.08
"38","01075",0
"39","01077",0
"40","01079",0
"41","01081",2.2
"42","01083",0
"43","01085",0
"44","01087",17.1488888888889
"45","01089",2.75888888888889
"46","01091",0
"47","01093",0
"48","01095",0
"49","01097",3.73
"50","01099",0
"51","01101",4.21888888888889
"52","01103",0
"53","01105",0
"54","01107",15.5988888888889
"55","01109",0
"56","01111",0
"57","01113",0
"58","01115",0
"59","01117",1.58
"60","01119",0
"61","01121",0
"62","01123",0
"63","01125",1.58
"64","01127",0
"65","01129",0
"66","01131",0
"67","01133",0
"68","02013",0
"69","02016",0
"70","02020",3.16888888888889
"71","02050",0
"72","02060",0
"73","02068",0
"74","02070",0
"75","02090",0
"76","02100",0
"77","02105",0
"78","02110",0
"79","02122",0
"80","02130",0
"81","02150",0
"82","02164",0
"83","02170",0
"84","02180",0
"85","02185",0
"86","02188",0
"87","02195",0
"88","02198",0
"89","02201",0
"90","02220",0
"91","02230",0
"92","02231",0
"93","02232",0
"94","02240",0
"95","02261",0
"96","02270",0
"97","02275",0
"98","02280",0
"99","02282",0
"100","02290",0
"101","04001",0
"102","04003",0
"103","04005",1.12
"104","04007",0
"105","04009",0
"106","04011",0
"107","04012",0
"108","04013",1.79
"109","04015",3.08
"110","04017",0
"111","04019",0.31
"112","04021",0.95
"113","04023",0
"114","04025",0
"115","04027",1.57
"116","05001",0
"117","05003",0
"118","05005",0
"119","05007",1.38888888888889
"120","05009",0
"121","05011",0
"122","05013",0
"123","05015",0
"124","05017",0
"125","05019",0
"126","05021",0
"127","05023",0
"128","05025",0
"129","05027",0
"130","05029",0
"131","05031",3.18888888888889
"132","05033",0
"133","05035",0
"134","05037",0
"135","05039",0
"136","05041",0
"137","05043",0
"138","05045",0.44
"139","05047",0
"140","05049",0
"141","05051",0
"142","05053",0
"143","05055",0
"144","05057",0
"145","05059",0
"146","05061",0
"147","05063",0
"148","05065",0
"149","05067",0
"150","05069",3.98
"151","05071",12.06
"152","05073",0
"153","05075",0
"154","05077",0
"155","05079",0
"156","05081",0
"157","05083",0
"158","05085",4.50888888888889
"159","05087",0
"160","05089",0
"161","05091",0
"162","05093",6.63
"163","05095",0
"164","05097",0
"165","05099",0
"166","05101",0
"167","05103",0
"168","05105",0
"169","05107",0
"170","05109",0
"171","05111",0
"172","05113",0
"173","05115",4.99
"174","05117",0
"175","05119",1.61
"176","05121",0
"177","05123",0
"178","05125",0
"179","05127",0
"180","05129",0
"181","05131",4.9
"182","05133",0
"183","05135",0
"184","05137",0
"185","05139",0
"186","05141",0
"187","05143",1.52
"188","05145",0
"189","05147",0
"190","05149",0
"191","06001",19.82
"192","06003",0
"193","06005",0
"194","06007",5.04
"195","06009",0
"196","06011",0
"197","06013",9.50888888888889
"198","06015",0
"199","06017",6.12888888888889
"200","06019",3.08
"201","06021",0
"202","06023",0
"203","06025",0.86
"204","06027",0
"205","06029",5.01888888888889
"206","06031",7.24
"207","06033",0
"208","06035",0
"209","06037",7.04
"210","06039",7.34888888888889
"211","06041",4.38888888888889
"212","06043",0
"213","06045",0
"214","06047",4.33888888888889
"215","06049",0
"216","06051",0
"217","06053",6.07
"218","06055",24.3788888888889
"219","06057",0
"220","06059",8.19888888888889
"221","06061",0
"222","06063",0
"223","06065",5.2
"224","06067",8.59888888888889
"225","06069",0
"226","06071",6.04888888888889
"227","06073",7.11
"228","06075",8.25888888888889
"229","06077",14.56
"230","06079",8.23
"231","06081",6.16888888888889
"232","06083",2.97
"233","06085",10.58
"234","06087",4.23
"235","06089",0.2
"236","06091",0
"237","06093",0
"238","06095",8.05
"239","06097",4.58
"240","06099",2.16
"241","06101",11.71
"242","06103",0
"243","06105",0
"244","06107",3.06888888888889
"245","06109",0
"246","06111",4.15
"247","06113",22.0888888888889
"248","06115",0
"249","08001",1.38888888888889
"250","08003",0
"251","08005",18.5588888888889
"252","08007",0
"253","08009",0
"254","08011",0
"255","08013",1.36
"256","08014",0
"257","08015",0
"258","08017",0
"259","08019",0
"260","08021",0
"261","08023",0
"262","08025",0
"263","08027",0
"264","08029",0
"265","08031",4.87
"266","08033",0
"267","08035",0
"268","08037",0
"269","08039",0
"270","08041",0.48
"271","08043",0
"272","08045",0
"273","08047",0
"274","08049",0
"275","08051",0
"276","08053",0
"277","08055",0
"278","08057",0
"279","08059",1.04
"280","08061",0
"281","08063",0
"282","08065",0
"283","08067",0
"284","08069",1.33
"285","08071",0
"286","08073",0
"287","08075",0
"288","08077",0
"289","08079",0
"290","08081",0
"291","08083",0
"292","08085",0
"293","08087",0
"294","08089",0
"295","08091",0
"296","08093",0
"297","08095",0
"298","08097",0
"299","08099",0
"300","08101",1.94
"301","08103",0
"302","08105",0
"303","08107",0
"304","08109",0
"305","08111",0
"306","08113",0
"307","08115",0
"308","08117",0
"309","08119",13.1888888888889
"310","08121",0
"311","08123",1.22
"312","08125",0
"313","09001",5.63888888888889
"314","09003",3.42
"315","09005",0
"316","09007",0.6
"317","09009",5.13888888888889
"318","09011",1.28
"319","09013",2.02
"320","09015",0
"321","10001",1.9
"322","10003",12.66
"323","10005",0
"324","11001",6.7
"325","12001",11.3
"326","12003",0
"327","12005",8.26888888888889
"328","12007",0
"329","12009",7.71
"330","12011",10.4
"331","12013",95.5188888888889
"332","12015",8.73
"333","12017",0
"334","12019",7.32
"335","12021",4.33888888888889
"336","12023",0
"337","12027",0
"338","12029",0
"339","12031",6.7
"340","12033",9.39
"341","12035",0
"342","12037",0
"343","12039",0
"344","12041",0
"345","12043",0
"346","12045",0
"347","12047",0
"348","12049",0
"349","12051",0
"350","12053",8.08888888888889
"351","12055",14.14
"352","12057",17.0588888888889
"353","12059",0
"354","12061",10.1188888888889
"355","12063",0
"356","12065",0
"357","12067",0
"358","12069",14.1088888888889
"359","12071",9.02888888888889
"360","12073",11.96
"361","12075",0
"362","12077",0
"363","12079",0
"364","12081",0
"365","12083",4.21888888888889
"366","12085",9.55
"367","12086",9.24
"368","12087",19.1088888888889
"369","12089",0
"370","12091",7.73
"371","12093",0
"372","12095",10.97
"373","12097",31.1988888888889
"374","12099",8.66
"375","12101",0.86
"376","12103",14.5888888888889
"377","12105",4.63888888888889
"378","12107",0
"379","12109",7.34888888888889
"380","12111",6.29
"381","12113",0
"382","12115",2.10888888888889
"383","12117",6.61
"384","12119",0
"385","12121",0
"386","12123",0
"387","12125",0
"388","12127",3.12888888888889
"389","12129",0
"390","12131",0
"391","12133",0
"392","13001",0
"393","13003",0
"394","13005",0
"395","13007",0
"396","13009",0
"397","13011",0
"398","13013",0
"399","13015",1.19888888888889
"400","13017",0
"401","13019",0
"402","13021",5.37888888888889
"403","13023",0
"404","13025",0
"405","13027",0
"406","13029",0
"407","13031",0
"408","13033",0
"409","13035",0
"410","13037",0
"411","13039",0
"412","13043",0
"413","13045",0
"414","13047",0
"415","13049",0
"416","13051",2.25888888888889
"417","13053",0
"418","13055",0
"419","13057",0
"420","13059",6.53
"421","13061",0
"422","13063",3.85
"423","13065",0
"424","13067",5.94
"425","13069",0
"426","13071",0
"427","13073",0
"428","13075",0
"429","13077",0
"430","13079",0
"431","13081",0
"432","13083",0
"433","13085",0
"434","13087",0
"435","13089",18.62
"436","13091",0
"437","13093",0
"438","13095",16.12
"439","13097",5.75888888888889
"440","13099",0
"441","13101",0
"442","13103",0
"443","13105",0
"444","13107",0
"445","13109",0
"446","13111",0
"447","13113",2.82
"448","13115",0
"449","13117",0
"450","13119",0
"451","13121",13.82
"452","13123",0
"453","13125",0
"454","13127",0
"455","13129",0
"456","13131",0
"457","13133",0
"458","13135",10.88
"459","13137",0
"460","13139",8.48
"461","13141",0
"462","13143",0
"463","13145",0
"464","13147",0
"465","13149",0
"466","13151",0
"467","13153",5.45
"468","13155",0
"469","13157",0
"470","13159",0
"471","13161",0
"472","13163",0
"473","13165",0
"474","13167",0
"475","13169",0
"476","13171",0
"477","13173",0
"478","13175",0
"479","13177",0
"480","13179",0.79
"481","13181",0
"482","13183",0
"483","13185",6.98
"484","13187",0
"485","13189",0
"486","13191",0
"487","13193",0
"488","13195",0
"489","13197",0
"490","13199",0
"491","13201",0
"492","13205",0
"493","13207",0
"494","13209",0
"495","13211",0
"496","13213",0
"497","13215",12.0388888888889
"498","13217",0
"499","13219",0
"500","13221",0
"501","13223",0
"502","13225",0
"503","13227",0
"504","13229",0
"505","13231",0
"506","13233",0
"507","13235",0
"508","13237",0
"509","13239",0
"510","13241",0
"511","13243",0
"512","13245",9.58888888888889
"513","13247",0
"514","13249",0
"515","13251",0
"516","13253",0
"517","13255",1.64
"518","13257",0
"519","13259",0
"520","13261",0
"521","13263",0
"522","13265",0
"523","13267",0
"524","13269",0
"525","13271",0
"526","13273",0
"527","13275",0
"528","13277",0
"529","13279",0
"530","13281",0
"531","13283",0
"532","13285",0.6
"533","13287",0
"534","13289",0
"535","13291",0
"536","13293",0
"537","13295",0
"538","13297",0
"539","13299",0
"540","13301",0
"541","13303",0
"542","13305",0
"543","13307",0
"544","13309",0
"545","13311",0
"546","13313",7.42888888888889
"547","13315",0
"548","13317",0
"549","13319",0
"550","13321",0
"551","15001",0
"552","15003",0.32
"553","15005",0
"554","15007",0
"555","15009",1.99
"556","16001",2.35
"557","16003",0
"558","16005",4.83
"559","16007",0
"560","16009",0
"561","16011",0
"562","16013",0
"563","16015",0
"564","16017",0
"565","16019",0
"566","16021",0
"567","16023",0
"568","16025",0
"569","16027",0
"570","16029",0
"571","16031",0
"572","16033",0
"573","16035",0
"574","16037",0
"575","16039",0
"576","16041",0
"577","16043",0
"578","16045",0
"579","16047",0
"580","16049",0
"581","16051",0
"582","16053",0
"583","16055",0
"584","16057",8.26888888888889
"585","16059",0
"586","16061",0
"587","16063",0
"588","16065",0
"589","16067",0
"590","16069",0
"591","16071",0
"592","16073",0
"593","16075",0
"594","16077",0
"595","16079",0
"596","16081",0
"597","16083",1.29
"598","16085",0
"599","16087",0
"600","17001",0
"601","17003",0
"602","17005",0
"603","17007",0
"604","17009",0
"605","17011",0
"606","17013",0
"607","17015",0
"608","17017",0
"609","17019",16.3988888888889
"610","17021",0
"611","17023",0
"612","17025",0
"613","17027",0
"614","17029",0
"615","17031",38.7188888888889
"616","17033",0
"617","17035",0
"618","17037",31.3588888888889
"619","17039",0
"620","17041",0
"621","17043",65.2388888888889
"622","17045",0
"623","17047",0
"624","17049",0
"625","17051",0
"626","17053",0
"627","17055",0
"628","17057",0
"629","17059",0
"630","17061",0
"631","17063",0
"632","17065",0
"633","17067",0
"634","17069",0
"635","17071",0
"636","17073",0
"637","17075",0
"638","17077",54.77
"639","17079",0
"640","17081",0
"641","17083",0
"642","17085",0
"643","17087",0
"644","17089",25.6
"645","17091",0
"646","17093",0
"647","17095",0
"648","17097",14.06
"649","17099",0
"650","17101",0
"651","17103",0
"652","17105",0
"653","17107",0
"654","17109",50.56
"655","17111",21.3588888888889
"656","17113",38.8988888888889
"657","17115",29.7688888888889
"658","17117",0
"659","17119",12.25
"660","17121",83.6288888888889
"661","17123",0
"662","17125",0
"663","17127",0
"664","17129",0
"665","17131",0
"666","17133",0
"667","17135",0
"668","17137",0
"669","17139",0
"670","17141",0
"671","17143",106.108888888889
"672","17145",0
"673","17147",0
"674","17149",0
"675","17151",0
"676","17153",0
"677","17155",0
"678","17157",0
"679","17159",0
"680","17161",22.35
"681","17163",12.21
"682","17165",0
"683","17167",16.6988888888889
"684","17169",0
"685","17171",0
"686","17173",0
"687","17175",0
"688","17177",0
"689","17179",0
"690","17181",0
"691","17183",0
"692","17185",0
"693","17187",0
"694","17189",0
"695","17191",0
"696","17193",0
"697","17195",0
"698","17197",14.5988888888889
"699","17199",0
"700","17201",3.39
"701","17203",0
"702","18001",0
"703","18003",3.12
"704","18005",4.00888888888889
"705","18007",0
"706","18009",0
"707","18011",0
"708","18013",0
"709","18015",0
"710","18017",0
"711","18019",0
"712","18021",0
"713","18023",0
"714","18025",0
"715","18027",0
"716","18029",0
"717","18031",0
"718","18033",0
"719","18035",5.09888888888889
"720","18037",0
"721","18039",0
"722","18041",0
"723","18043",4.12888888888889
"724","18045",0
"725","18047",0
"726","18049",0
"727","18051",0
"728","18053",0
"729","18055",0
"730","18057",3.64
"731","18059",0
"732","18061",0
"733","18063",2.12
"734","18065",0
"735","18067",3.72
"736","18069",0
"737","18071",0
"738","18073",0
"739","18075",0
"740","18077",0
"741","18079",0
"742","18081",0
"743","18083",0
"744","18085",0
"745","18087",0
"746","18089",8.50888888888889
"747","18091",5.53
"748","18093",0
"749","18095",0
"750","18097",2.94
"751","18099",0
"752","18101",0
"753","18103",0
"754","18105",4.34888888888889
"755","18107",0
"756","18109",0
"757","18111",0
"758","18113",6.48
"759","18115",0
"760","18117",0
"761","18119",0
"762","18121",0
"763","18123",0
"764","18125",0
"765","18127",0
"766","18129",0
"767","18131",0
"768","18133",0
"769","18135",0
"770","18137",0
"771","18139",0
"772","18141",4.17888888888889
"773","18143",0
"774","18145",0
"775","18147",0
"776","18149",0
"777","18151",9.00888888888889
"778","18153",0
"779","18155",0
"780","18157",1.78
"781","18159",0
"782","18161",0
"783","18163",0
"784","18165",0
"785","18167",1.38888888888889
"786","18169",0
"787","18171",0
"788","18173",5.86
"789","18175",0
"790","18177",0
"791","18179",0
"792","18181",0
"793","18183",0
"794","19001",0
"795","19003",0
"796","19005",0
"797","19007",0
"798","19009",0
"799","19011",0
"800","19013",7.04888888888889
"801","19015",0
"802","19017",0
"803","19019",0
"804","19021",0
"805","19023",0
"806","19025",31.85
"807","19027",0
"808","19029",0
"809","19031",0
"810","19033",6.98
"811","19035",0
"812","19037",0
"813","19039",0
"814","19041",0
"815","19043",0
"816","19045",6.26888888888889
"817","19047",0
"818","19049",0
"819","19051",0
"820","19053",0
"821","19055",0
"822","19057",0
"823","19059",0
"824","19061",3.29
"825","19063",0
"826","19065",0
"827","19067",0
"828","19069",0
"829","19071",0
"830","19073",0
"831","19075",0
"832","19077",0
"833","19079",0
"834","19081",0
"835","19083",0
"836","19085",0
"837","19087",0
"838","19089",0
"839","19091",0
"840","19093",0
"841","19095",0
"842","19097",0
"843","19099",0
"844","19101",0
"845","19103",2.35
"846","19105",0
"847","19107",0
"848","19109",0
"849","19111",0
"850","19113",6.7
"851","19115",0
"852","19117",0
"853","19119",0
"854","19121",0
"855","19123",0
"856","19125",0
"857","19127",0
"858","19129",0
"859","19131",0
"860","19133",0
"861","19135",0
"862","19137",0
"863","19139",0
"864","19141",0
"865","19143",0
"866","19145",0
"867","19147",0
"868","19149",0
"869","19151",0
"870","19153",4
"871","19155",0
"872","19157",0
"873","19159",0
"874","19161",0
"875","19163",1.86
"876","19165",0
"877","19167",0
"878","19169",3.44
"879","19171",0
"880","19173",0
"881","19175",0
"882","19177",0
"883","19179",0
"884","19181",0
"885","19183",0
"886","19185",0
"887","19187",0
"888","19189",0
"889","19191",0
"890","19193",3.00888888888889
"891","19195",0
"892","19197",0
"893","20001",0
"894","20003",0
"895","20005",0
"896","20007",0
"897","20009",0
"898","20011",0
"899","20013",0
"900","20015",0
"901","20017",0
"902","20019",0
"903","20021",0
"904","20023",0
"905","20025",0
"906","20027",0
"907","20029",0
"908","20031",0
"909","20033",0
"910","20035",0
"911","20037",1.28
"912","20039",0
"913","20041",0
"914","20043",0
"915","20045",2.77888888888889
"916","20047",0
"917","20049",0
"918","20051",10.83
"919","20053",0
"920","20055",8.38
"921","20057",9.09888888888889
"922","20059",0
"923","20061",17.9288888888889
"924","20063",0
"925","20065",0
"926","20067",0
"927","20069",0
"928","20071",0
"929","20073",0
"930","20075",0
"931","20077",0
"932","20079",0
"933","20081",0
"934","20083",0
"935","20085",0
"936","20087",0
"937","20089",0
"938","20091",4.80888888888889
"939","20093",0
"940","20095",0
"941","20097",0
"942","20099",0
"943","20101",0
"944","20103",4.04
"945","20105",0
"946","20107",0
"947","20109",0
"948","20111",9.14
"949","20113",0
"950","20115",0
"951","20117",0
"952","20119",0
"953","20121",0
"954","20123",0
"955","20125",0
"956","20127",0
"957","20129",0
"958","20131",0
"959","20133",0
"960","20135",0
"961","20137",0
"962","20139",0
"963","20141",0
"964","20143",0
"965","20145",0
"966","20147",0
"967","20149",0
"968","20151",0
"969","20153",0
"970","20155",0
"971","20157",0
"972","20159",0
"973","20161",4.33
"974","20163",0
"975","20165",0
"976","20167",0
"977","20169",5.54
"978","20171",0
"979","20173",2.47
"980","20175",0
"981","20177",0.84
"982","20179",0
"983","20181",0
"984","20183",0
"985","20185",0
"986","20187",0
"987","20189",0
"988","20191",0
"989","20193",0
"990","20195",0
"991","20197",0
"992","20199",0
"993","20201",0
"994","20203",0
"995","20205",0
"996","20207",0
"997","20209",3.91
"998","21001",0
"999","21003",0
"1000","21005",0
"1001","21007",0
"1002","21009",0
"1003","21011",0
"1004","21013",0
"1005","21015",6.45
"1006","21017",0
"1007","21019",0
"1008","21021",10.83
"1009","21023",0
"1010","21025",0
"1011","21027",0
"1012","21029",0
"1013","21031",0
"1014","21033",0
"1015","21035",0
"1016","21037",0
"1017","21039",0
"1018","21041",0
"1019","21043",0
"1020","21045",0
"1021","21047",0
"1022","21049",0
"1023","21051",0
"1024","21053",0
"1025","21055",0
"1026","21057",0
"1027","21059",3.18888888888889
"1028","21061",0
"1029","21063",0
"1030","21065",0
"1031","21067",1.8
"1032","21069",0
"1033","21071",7.80888888888889
"1034","21073",2.43
"1035","21075",0
"1036","21077",0
"1037","21079",0
"1038","21081",0
"1039","21083",0
"1040","21085",0
"1041","21087",0
"1042","21089",0
"1043","21091",0
"1044","21093",0
"1045","21095",0
"1046","21097",0
"1047","21099",0
"1048","21101",0
"1049","21103",0
"1050","21105",0
"1051","21107",0
"1052","21109",0
"1053","21111",8.55
"1054","21113",0
"1055","21115",0
"1056","21117",1.25
"1057","21119",0
"1058","21121",0
"1059","21123",0
"1060","21125",5.23
"1061","21127",0
"1062","21129",0
"1063","21131",0
"1064","21133",0
"1065","21135",0
"1066","21137",0
"1067","21139",0
"1068","21141",0
"1069","21143",0
"1070","21145",0
"1071","21147",0
"1072","21149",0
"1073","21151",3.71
"1074","21153",0
"1075","21155",0
"1076","21157",0
"1077","21159",0
"1078","21161",0
"1079","21163",0
"1080","21165",0
"1081","21167",0
"1082","21169",0
"1083","21171",0
"1084","21173",0
"1085","21175",0
"1086","21177",0
"1087","21179",0
"1088","21181",0
"1089","21183",0
"1090","21185",0
"1091","21187",0
"1092","21189",0
"1093","21191",0
"1094","21193",0
"1095","21195",0
"1096","21197",0
"1097","21199",1.59
"1098","21201",0
"1099","21203",0
"1100","21205",13.1988888888889
"1101","21207",0
"1102","21209",0
"1103","21211",0
"1104","21213",0
"1105","21215",0
"1106","21217",0
"1107","21219",0
"1108","21221",0
"1109","21223",0
"1110","21225",0
"1111","21227",10.6888888888889
"1112","21229",0
"1113","21231",0
"1114","21233",0
"1115","21235",0
"1116","21237",0
"1117","21239",0
"1118","22001",0
"1119","22003",0
"1120","22005",0
"1121","22007",0
"1122","22009",0
"1123","22011",0
"1124","22013",0
"1125","22015",2.63
"1126","22017",1.99
"1127","22019",1.6
"1128","22021",0
"1129","22023",0
"1130","22025",0
"1131","22027",0
"1132","22029",0
"1133","22031",0
"1134","22033",3.48
"1135","22035",0
"1136","22037",0
"1137","22039",0
"1138","22041",0
"1139","22043",0
"1140","22045",0
"1141","22047",9.23
"1142","22049",0
"1143","22051",6.49
"1144","22053",0
"1145","22055",1.38888888888889
"1146","22057",0
"1147","22059",0
"1148","22061",6.58888888888889
"1149","22063",0
"1150","22065",0
"1151","22067",0
"1152","22069",0.38
"1153","22071",5.37
"1154","22073",2.1
"1155","22075",0
"1156","22077",0
"1157","22079",2.33888888888889
"1158","22081",0
"1159","22083",0
"1160","22085",0
"1161","22087",8.58
"1162","22089",0
"1163","22091",0
"1164","22093",0
"1165","22095",0
"1166","22097",0
"1167","22099",0
"1168","22101",0
"1169","22103",1.32
"1170","22105",0
"1171","22107",0
"1172","22109",0
"1173","22111",0
"1174","22113",0
"1175","22115",5.88888888888889
"1176","22117",0
"1177","22119",0
"1178","22121",0
"1179","22123",0
"1180","22125",0
"1181","22127",0
"1182","23001",2.86
"1183","23003",0
"1184","23005",3.27888888888889
"1185","23007",0
"1186","23009",0
"1187","23011",0
"1188","23013",0
"1189","23015",0
"1190","23017",0
"1191","23019",0.65
"1192","23021",0
"1193","23023",0
"1194","23025",0
"1195","23027",0
"1196","23029",0
"1197","23031",0
"1198","24001",4.09888888888889
"1199","24003",2.08
"1200","24005",12.0388888888889
"1201","24009",3.47
"1202","24011",0
"1203","24013",0
"1204","24015",0
"1205","24017",2.1
"1206","24019",0
"1207","24021",1.32
"1208","24023",0
"1209","24025",0
"1210","24027",1.07
"1211","24029",0
"1212","24031",12.56
"1213","24033",9.15
"1214","24035",0
"1215","24037",0
"1216","24039",0
"1217","24041",0
"1218","24043",2.08888888888889
"1219","24045",3.12
"1220","24047",0
"1221","24510",5.5
"1222","25001",2.85
"1223","25003",0
"1224","25005",1.69
"1225","25007",0
"1226","25009",0.83
"1227","25011",0
"1228","25013",2.14
"1229","25015",1.01
"1230","25017",3.71
"1231","25019",0
"1232","25021",6.88
"1233","25023",0
"1234","25025",10.5888888888889
"1235","25027",0.77
"1236","26001",0
"1237","26003",0
"1238","26005",0
"1239","26007",0
"1240","26009",0
"1241","26011",0
"1242","26013",0
"1243","26015",0
"1244","26017",0
"1245","26019",0
"1246","26021",19.9288888888889
"1247","26023",11.05
"1248","26025",0
"1249","26027",0
"1250","26029",0
"1251","26031",0
"1252","26033",0
"1253","26035",0
"1254","26037",0
"1255","26039",0
"1256","26041",0
"1257","26043",0
"1258","26045",0
"1259","26047",0
"1260","26049",25.8988888888889
"1261","26051",0
"1262","26053",0
"1263","26055",0
"1264","26057",0
"1265","26059",0
"1266","26061",0
"1267","26063",0
"1268","26065",14.42
"1269","26067",0
"1270","26069",0
"1271","26071",0
"1272","26073",22.23
"1273","26075",0
"1274","26077",10.24
"1275","26079",0
"1276","26081",13.6888888888889
"1277","26083",0
"1278","26085",0
"1279","26087",0
"1280","26089",0
"1281","26091",0
"1282","26093",0
"1283","26095",0
"1284","26097",0
"1285","26099",3.39888888888889
"1286","26101",0
"1287","26103",0
"1288","26105",0
"1289","26107",0
"1290","26109",0
"1291","26111",0
"1292","26113",0
"1293","26115",10.2788888888889
"1294","26117",0
"1295","26119",0
"1296","26121",9.08
"1297","26123",0
"1298","26125",7.79888888888889
"1299","26127",0
"1300","26129",0
"1301","26131",0
"1302","26133",0
"1303","26135",0
"1304","26137",0
"1305","26139",0
"1306","26141",0
"1307","26143",0
"1308","26145",0.5
"1309","26147",9.58888888888889
"1310","26149",0
"1311","26151",0
"1312","26153",0
"1313","26155",0
"1314","26157",0
"1315","26159",0
"1316","26161",12.9388888888889
"1317","26163",37.2288888888889
"1318","26165",0
"1319","27001",0
"1320","27003",1.86
"1321","27005",0
"1322","27007",0
"1323","27009",0
"1324","27011",0
"1325","27013",9.61888888888889
"1326","27015",0
"1327","27017",0
"1328","27019",0
"1329","27021",0
"1330","27023",0
"1331","27025",0
"1332","27027",0
"1333","27029",0
"1334","27031",0
"1335","27033",0
"1336","27035",0
"1337","27037",3.86
"1338","27039",0
"1339","27041",0
"1340","27043",0
"1341","27045",0
"1342","27047",0
"1343","27049",0
"1344","27051",0
"1345","27053",6.73
"1346","27055",0
"1347","27057",0
"1348","27059",0
"1349","27061",0
"1350","27063",0
"1351","27065",0
"1352","27067",0
"1353","27069",0
"1354","27071",0
"1355","27073",0
"1356","27075",0
"1357","27077",0
"1358","27079",0
"1359","27081",0
"1360","27083",0
"1361","27085",0
"1362","27087",0
"1363","27089",0
"1364","27091",0
"1365","27093",0
"1366","27095",0
"1367","27097",0
"1368","27099",0
"1369","27101",0
"1370","27103",0
"1371","27105",0
"1372","27107",0
"1373","27109",3.37888888888889
"1374","27111",0
"1375","27113",0
"1376","27115",0
"1377","27117",0
"1378","27119",0
"1379","27121",0
"1380","27123",8.32
"1381","27125",0
"1382","27127",0
"1383","27129",0
"1384","27131",4.86
"1385","27133",0
"1386","27135",0
"1387","27137",1.54
"1388","27139",0
"1389","27141",0
"1390","27143",0
"1391","27145",0
"1392","27147",16.84
"1393","27149",0
"1394","27151",0
"1395","27153",0
"1396","27155",0
"1397","27157",0
"1398","27159",0
"1399","27161",0
"1400","27163",0
"1401","27165",0
"1402","27167",0
"1403","27169",5.99
"1404","27171",0
"1405","27173",0
"1406","28001",0
"1407","28003",0
"1408","28005",0
"1409","28007",0
"1410","28009",35.28
"1411","28011",18.0388888888889
"1412","28013",0
"1413","28015",0
"1414","28017",0
"1415","28019",0
"1416","28021",0
"1417","28023",0
"1418","28025",0
"1419","28027",0
"1420","28029",0
"1421","28031",0
"1422","28033",0
"1423","28035",8.22
"1424","28037",0
"1425","28039",0
"1426","28041",0
"1427","28043",0
"1428","28045",0
"1429","28047",1.07
"1430","28049",3.29
"1431","28051",0
"1432","28053",0
"1433","28055",0
"1434","28057",0
"1435","28059",0
"1436","28061",0
"1437","28063",0
"1438","28065",0
"1439","28067",0
"1440","28069",0
"1441","28071",6.5
"1442","28073",5.53
"1443","28075",3.84
"1444","28077",23.82
"1445","28079",0
"1446","28081",0
"1447","28083",0
"1448","28085",0
"1449","28087",0
"1450","28089",6.46888888888889
"1451","28091",0
"1452","28093",0
"1453","28095",0
"1454","28097",0
"1455","28099",0
"1456","28101",0
"1457","28103",0
"1458","28105",6.46
"1459","28107",0
"1460","28109",0
"1461","28111",0
"1462","28113",0
"1463","28115",0
"1464","28117",0
"1465","28119",0
"1466","28121",0
"1467","28123",0
"1468","28125",0
"1469","28127",0
"1470","28129",0
"1471","28131",0
"1472","28133",0
"1473","28135",0
"1474","28137",0
"1475","28139",0
"1476","28141",0
"1477","28143",0
"1478","28145",0
"1479","28147",0
"1480","28149",6.30888888888889
"1481","28151",0
"1482","28153",0
"1483","28155",0
"1484","28157",0
"1485","28159",0
"1486","28161",0
"1487","28163",0
"1488","29001",0
"1489","29003",0
"1490","29005",0
"1491","29007",0
"1492","29009",0
"1493","29011",0
"1494","29013",0
"1495","29015",0
"1496","29017",0
"1497","29019",3.69
"1498","29021",3.45
"1499","29023",7.2
"1500","29025",0
"1501","29027",0
"1502","29029",0
"1503","29031",1.18888888888889
"1504","29033",0
"1505","29035",0
"1506","29037",0
"1507","29039",0
"1508","29041",0
"1509","29043",0
"1510","29045",0
"1511","29047",4.16
"1512","29049",0
"1513","29051",4.04888888888889
"1514","29053",0
"1515","29055",0
"1516","29057",0
"1517","29059",0
"1518","29061",0
"1519","29063",0
"1520","29065",0
"1521","29067",0
"1522","29069",0
"1523","29071",0
"1524","29073",0
"1525","29075",0
"1526","29077",1.12
"1527","29079",0
"1528","29081",0
"1529","29083",0
"1530","29085",0
"1531","29087",0
"1532","29089",0
"1533","29091",0
"1534","29093",0
"1535","29095",3.88
"1536","29097",0.51
"1537","29099",0
"1538","29101",5.86
"1539","29103",0
"1540","29105",0
"1541","29107",0
"1542","29109",0
"1543","29111",0
"1544","29113",0
"1545","29115",0
"1546","29117",0
"1547","29119",0
"1548","29121",0
"1549","29123",0
"1550","29125",0
"1551","29127",0
"1552","29129",0
"1553","29131",0
"1554","29133",0
"1555","29135",0
"1556","29137",0
"1557","29139",0
"1558","29141",0
"1559","29143",0
"1560","29145",0
"1561","29147",0
"1562","29149",0
"1563","29151",0
"1564","29153",0
"1565","29155",0
"1566","29157",0
"1567","29159",0
"1568","29161",6.82
"1569","29163",0
"1570","29165",0
"1571","29167",0
"1572","29169",0
"1573","29171",0
"1574","29173",0
"1575","29175",0
"1576","29177",0
"1577","29179",0
"1578","29181",0
"1579","29183",0
"1580","29185",0
"1581","29186",0
"1582","29187",0
"1583","29189",1.91
"1584","29195",0
"1585","29197",0
"1586","29199",0
"1587","29201",7.86
"1588","29203",0
"1589","29205",0
"1590","29207",0
"1591","29209",0
"1592","29211",0
"1593","29213",0
"1594","29215",0
"1595","29217",0
"1596","29219",0
"1597","29221",0
"1598","29223",0
"1599","29225",0
"1600","29227",0
"1601","29229",0
"1602","29510",10.5088888888889
"1603","30001",0
"1604","30003",0
"1605","30005",0
"1606","30007",0
"1607","30009",0
"1608","30011",0
"1609","30013",0
"1610","30015",0
"1611","30017",0
"1612","30019",0
"1613","30021",0
"1614","30023",0
"1615","30025",0
"1616","30027",0
"1617","30029",0
"1618","30031",3.44
"1619","30033",0
"1620","30035",0
"1621","30037",0
"1622","30039",0
"1623","30041",0
"1624","30043",0
"1625","30045",0
"1626","30047",0
"1627","30049",0
"1628","30051",0
"1629","30053",0
"1630","30055",0
"1631","30057",0
"1632","30059",0
"1633","30061",0
"1634","30063",0
"1635","30065",0
"1636","30067",0
"1637","30069",0
"1638","30071",0
"1639","30073",0
"1640","30075",0
"1641","30077",0
"1642","30079",0
"1643","30081",0
"1644","30083",0
"1645","30085",0
"1646","30087",0
"1647","30089",0
"1648","30091",0
"1649","30093",0
"1650","30095",0
"1651","30097",0
"1652","30099",0
"1653","30101",0
"1654","30103",0
"1655","30105",0
"1656","30107",0
"1657","30109",0
"1658","30111",0.17
"1659","30113",0
"1660","31001",0
"1661","31003",0
"1662","31005",0
"1663","31007",0
"1664","31009",0
"1665","31011",0
"1666","31013",0
"1667","31015",0
"1668","31017",0
"1669","31019",0
"1670","31021",0
"1671","31023",0
"1672","31025",0
"1673","31027",0
"1674","31029",0
"1675","31031",0
"1676","31033",0
"1677","31035",0
"1678","31037",0
"1679","31039",0
"1680","31041",0
"1681","31043",14.66
"1682","31045",0
"1683","31047",12.66
"1684","31049",0
"1685","31051",0
"1686","31053",0
"1687","31055",8.92888888888889
"1688","31057",0
"1689","31059",0
"1690","31061",0
"1691","31063",0
"1692","31065",0
"1693","31067",0
"1694","31069",0
"1695","31071",0
"1696","31073",0
"1697","31075",0
"1698","31077",0
"1699","31079",0
"1700","31081",0
"1701","31083",0
"1702","31085",0
"1703","31087",0
"1704","31089",0
"1705","31091",0
"1706","31093",0
"1707","31095",0
"1708","31097",0
"1709","31099",0
"1710","31101",0
"1711","31103",0
"1712","31105",0
"1713","31107",0
"1714","31109",2.16
"1715","31111",0
"1716","31113",0
"1717","31115",0
"1718","31117",0
"1719","31119",8.83
"1720","31121",0
"1721","31123",0
"1722","31125",0
"1723","31127",0
"1724","31129",0
"1725","31131",0
"1726","31133",0
"1727","31135",0
"1728","31137",0
"1729","31139",0
"1730","31141",0
"1731","31143",0
"1732","31145",0
"1733","31147",0
"1734","31149",0
"1735","31151",0
"1736","31153",0
"1737","31155",0
"1738","31157",0
"1739","31159",0
"1740","31161",0
"1741","31163",0
"1742","31165",0
"1743","31167",0
"1744","31169",0
"1745","31171",0
"1746","31173",0
"1747","31175",0
"1748","31177",0
"1749","31179",0
"1750","31181",0
"1751","31183",0
"1752","31185",0
"1753","32001",0
"1754","32003",0.56
"1755","32005",0
"1756","32007",0
"1757","32009",0
"1758","32011",0
"1759","32013",0
"1760","32015",0
"1761","32017",0
"1762","32019",0
"1763","32021",0
"1764","32023",0
"1765","32027",0
"1766","32029",0
"1767","32031",0.73
"1768","32033",0
"1769","32510",5.57
"1770","33001",0
"1771","33003",0
"1772","33005",0
"1773","33007",0
"1774","33009",0
"1775","33011",3.25888888888889
"1776","33013",0
"1777","33015",0
"1778","33017",2.5
"1779","33019",0
"1780","34001",34.32
"1781","34003",5.29888888888889
"1782","34005",17.32
"1783","34007",19.41
"1784","34009",0
"1785","34011",9.39
"1786","34013",30.2888888888889
"1787","34015",5.11
"1788","34017",33.1788888888889
"1789","34019",1.16888888888889
"1790","34021",13.97
"1791","34023",21.8788888888889
"1792","34025",11.73
"1793","34027",9.08888888888889
"1794","34029",5.11
"1795","34031",55.6888888888889
"1796","34033",0
"1797","34035",10.1188888888889
"1798","34037",0
"1799","34039",19.5588888888889
"1800","34041",13.56
"1801","35001",2.73
"1802","35003",0
"1803","35005",0
"1804","35006",0
"1805","35007",0
"1806","35009",0
"1807","35011",0
"1808","35013",2.95
"1809","35015",0
"1810","35017",0
"1811","35019",0
"1812","35021",0
"1813","35023",0
"1814","35025",0
"1815","35027",0
"1816","35028",0
"1817","35029",0
"1818","35031",4.30888888888889
"1819","35033",0
"1820","35035",0
"1821","35037",0
"1822","35039",7.65
"1823","35041",0
"1824","35043",0
"1825","35045",0
"1826","35047",0
"1827","35049",3.18
"1828","35051",0
"1829","35053",17.2388888888889
"1830","35055",9.34888888888889
"1831","35057",0
"1832","35059",0
"1833","35061",0
"1834","36001",15.0088888888889
"1835","36003",0
"1836","36005",27.8
"1837","36007",3.99
"1838","36009",18.9488888888889
"1839","36011",0
"1840","36013",11.2788888888889
"1841","36015",18.71
"1842","36017",0
"1843","36019",18.53
"1844","36021",0
"1845","36023",0
"1846","36025",31.7188888888889
"1847","36027",23.6788888888889
"1848","36029",18.46
"1849","36031",0
"1850","36033",0
"1851","36035",0
"1852","36037",0
"1853","36039",0
"1854","36041",157.36
"1855","36043",0
"1856","36045",13.0888888888889
"1857","36047",37.9788888888889
"1858","36049",0
"1859","36051",0
"1860","36053",0
"1861","36055",12.2688888888889
"1862","36057",0
"1863","36059",11.71
"1864","36061",26.8288888888889
"1865","36063",7.03
"1866","36065",10.31
"1867","36067",14.06
"1868","36069",0
"1869","36071",9.76888888888889
"1870","36073",0
"1871","36075",0
"1872","36077",0
"1873","36079",0
"1874","36081",36.52
"1875","36083",0
"1876","36085",17.3088888888889
"1877","36087",14.65
"1878","36089",0
"1879","36091",0
"1880","36093",39.35
"1881","36095",0
"1882","36097",0
"1883","36099",0
"1884","36101",0
"1885","36103",13.32
"1886","36105",39.25
"1887","36107",0
"1888","36109",0
"1889","36111",8.33888888888889
"1890","36113",0
"1891","36115",0
"1892","36117",0
"1893","36119",14.4488888888889
"1894","36121",0
"1895","36123",0
"1896","37001",0
"1897","37003",0
"1898","37005",0
"1899","37007",0
"1900","37009",0
"1901","37011",0
"1902","37013",0
"1903","37015",0
"1904","37017",0
"1905","37019",0
"1906","37021",0.63
"1907","37023",3.39
"1908","37025",0
"1909","37027",0
"1910","37029",0
"1911","37031",0
"1912","37033",0
"1913","37035",0
"1914","37037",0
"1915","37039",0
"1916","37041",0
"1917","37043",0
"1918","37045",0
"1919","37047",0
"1920","37049",0
"1921","37051",1.28
"1922","37053",0
"1923","37055",0
"1924","37057",0
"1925","37059",0
"1926","37061",0
"1927","37063",7.49
"1928","37065",5.45
"1929","37067",4.32
"1930","37069",0
"1931","37071",1.49
"1932","37073",0
"1933","37075",0
"1934","37077",0
"1935","37079",0
"1936","37081",8.16
"1937","37083",0
"1938","37085",0
"1939","37087",0
"1940","37089",0
"1941","37091",0
"1942","37093",6.55888888888889
"1943","37095",0
"1944","37097",1.93
"1945","37099",0
"1946","37101",0
"1947","37103",0
"1948","37105",0
"1949","37107",5.17888888888889
"1950","37109",0
"1951","37111",0
"1952","37113",0
"1953","37115",0
"1954","37117",0
"1955","37119",3.23
"1956","37121",0
"1957","37123",0
"1958","37125",0
"1959","37127",0
"1960","37129",4.55888888888889
"1961","37131",0
"1962","37133",1.73
"1963","37135",2.29888888888889
"1964","37137",0
"1965","37139",0
"1966","37141",0
"1967","37143",0
"1968","37145",0
"1969","37147",2.08
"1970","37149",0
"1971","37151",2.16888888888889
"1972","37153",6.59888888888889
"1973","37155",0
"1974","37157",3.29
"1975","37159",0
"1976","37161",0
"1977","37163",0
"1978","37165",0
"1979","37167",0
"1980","37169",0
"1981","37171",0
"1982","37173",0
"1983","37175",0
"1984","37177",0
"1985","37179",0
"1986","37181",0
"1987","37183",11.4288888888889
"1988","37185",0
"1989","37187",0
"1990","37189",0
"1991","37191",0.41
"1992","37193",0
"1993","37195",0
"1994","37197",0
"1995","37199",0
"1996","38001",0
"1997","38003",0
"1998","38005",0
"1999","38007",0
"2000","38009",0
"2001","38011",0
"2002","38013",0
"2003","38015",3.79
"2004","38017",2.06
"2005","38019",0
"2006","38021",0
"2007","38023",0
"2008","38025",0
"2009","38027",0
"2010","38029",0
"2011","38031",0
"2012","38033",0
"2013","38035",0
"2014","38037",0
"2015","38039",0
"2016","38041",0
"2017","38043",0
"2018","38045",0
"2019","38047",0
"2020","38049",0
"2021","38051",0
"2022","38053",0
"2023","38055",0
"2024","38057",0
"2025","38059",0
"2026","38061",0
"2027","38063",0
"2028","38065",0
"2029","38067",0
"2030","38069",0
"2031","38071",0
"2032","38073",0
"2033","38075",0
"2034","38077",0
"2035","38079",0
"2036","38081",0
"2037","38083",0
"2038","38085",0
"2039","38087",0
"2040","38089",0
"2041","38091",0
"2042","38093",0
"2043","38095",0
"2044","38097",0
"2045","38099",0
"2046","38101",0.32
"2047","38103",0
"2048","38105",0
"2049","39001",0
"2050","39003",5.79
"2051","39005",5.79888888888889
"2052","39007",0
"2053","39009",4.75888888888889
"2054","39011",0
"2055","39013",0
"2056","39015",0
"2057","39017",5.42888888888889
"2058","39019",0
"2059","39021",0
"2060","39023",2.52
"2061","39025",0.51
"2062","39027",0
"2063","39029",0
"2064","39031",0
"2065","39033",0
"2066","39035",2.60888888888889
"2067","39037",0
"2068","39039",0
"2069","39041",0
"2070","39043",0
"2071","39045",0
"2072","39047",0
"2073","39049",13.39
"2074","39051",0
"2075","39053",0
"2076","39055",0
"2077","39057",0.31
"2078","39059",0
"2079","39061",2.14888888888889
"2080","39063",0
"2081","39065",0
"2082","39067",0
"2083","39069",0
"2084","39071",0
"2085","39073",0
"2086","39075",0
"2087","39077",0
"2088","39079",0
"2089","39081",0
"2090","39083",0
"2091","39085",0
"2092","39087",0
"2093","39089",0
"2094","39091",0
"2095","39093",0.17
"2096","39095",4.32
"2097","39097",0
"2098","39099",1.29
"2099","39101",0
"2100","39103",0
"2101","39105",0
"2102","39107",0
"2103","39109",0
"2104","39111",0
"2105","39113",3.14
"2106","39115",0
"2107","39117",0
"2108","39119",0
"2109","39121",0
"2110","39123",0
"2111","39125",0
"2112","39127",0
"2113","39129",0
"2114","39131",0
"2115","39133",1.91
"2116","39135",0
"2117","39137",0
"2118","39139",0.4
"2119","39141",0
"2120","39143",0
"2121","39145",0
"2122","39147",0
"2123","39149",0
"2124","39151",1.64
"2125","39153",3.33888888888889
"2126","39155",1.46
"2127","39157",0
"2128","39159",0
"2129","39161",0
"2130","39163",0
"2131","39165",0
"2132","39167",0
"2133","39169",0
"2134","39171",0
"2135","39173",15.9388888888889
"2136","39175",0
"2137","40001",0
"2138","40003",0
"2139","40005",0
"2140","40007",0
"2141","40009",0
"2142","40011",0
"2143","40013",0
"2144","40015",0
"2145","40017",0
"2146","40019",6.48
"2147","40021",0
"2148","40023",0
"2149","40025",0
"2150","40027",1.19888888888889
"2151","40029",0
"2152","40031",2.88
"2153","40033",0
"2154","40035",0
"2155","40037",4.4
"2156","40039",0
"2157","40041",0
"2158","40043",0
"2159","40045",0
"2160","40047",0
"2161","40049",0
"2162","40051",0
"2163","40053",0
"2164","40055",0
"2165","40057",0
"2166","40059",0
"2167","40061",0
"2168","40063",0
"2169","40065",0
"2170","40067",0
"2171","40069",0
"2172","40071",0
"2173","40073",0
"2174","40075",0
"2175","40077",0
"2176","40079",0
"2177","40081",0
"2178","40083",0
"2179","40085",0
"2180","40087",0
"2181","40089",0
"2182","40091",0
"2183","40093",0
"2184","40095",0
"2185","40097",0
"2186","40099",0
"2187","40101",4.33888888888889
"2188","40103",0
"2189","40105",0
"2190","40107",0
"2191","40109",3.10888888888889
"2192","40111",0
"2193","40113",0
"2194","40115",0
"2195","40117",0
"2196","40119",3.98
"2197","40121",0
"2198","40123",8.22
"2199","40125",0
"2200","40127",0
"2201","40129",0
"2202","40131",0
"2203","40133",0
"2204","40135",0
"2205","40137",0
"2206","40139",0
"2207","40141",0
"2208","40143",4.9
"2209","40145",0
"2210","40147",0
"2211","40149",0
"2212","40151",0
"2213","40153",0
"2214","41001",0
"2215","41003",3.6
"2216","41005",0
"2217","41007",0
"2218","41009",0
"2219","41011",0
"2220","41013",0
"2221","41015",0
"2222","41017",0
"2223","41019",2.86
"2224","41021",0
"2225","41023",0
"2226","41025",0
"2227","41027",0
"2228","41029",0
"2229","41031",0
"2230","41033",0
"2231","41035",4.63888888888889
"2232","41037",0
"2233","41039",0.88
"2234","41041",0
"2235","41043",0
"2236","41045",0
"2237","41047",0
"2238","41049",0
"2239","41051",2.91
"2240","41053",0
"2241","41055",0
"2242","41057",0
"2243","41059",0
"2244","41061",0
"2245","41063",0
"2246","41065",0
"2247","41067",1.15888888888889
"2248","41069",0
"2249","41071",0
"2250","42001",0
"2251","42003",4.75888888888889
"2252","42005",0
"2253","42007",4.75888888888889
"2254","42009",0
"2255","42011",1.97
"2256","42013",6.38888888888889
"2257","42015",0
"2258","42017",3.24
"2259","42019",0
"2260","42021",0
"2261","42023",0
"2262","42025",0
"2263","42027",2.6
"2264","42029",1.83
"2265","42031",0
"2266","42033",0
"2267","42035",0
"2268","42037",0
"2269","42039",0
"2270","42041",9.88
"2271","42043",8.78888888888889
"2272","42045",8.16888888888889
"2273","42047",0
"2274","42049",6.50888888888889
"2275","42051",5.94
"2276","42053",0
"2277","42055",0
"2278","42057",0
"2279","42059",0
"2280","42061",0
"2281","42063",9.14
"2282","42065",0
"2283","42067",0
"2284","42069",0
"2285","42071",1.56
"2286","42073",8.91
"2287","42075",6.08
"2288","42077",9.3
"2289","42079",5.07
"2290","42081",6.99
"2291","42083",0
"2292","42085",0
"2293","42087",0
"2294","42089",4.78
"2295","42091",4.07
"2296","42093",0
"2297","42095",1.34
"2298","42097",17.1988888888889
"2299","42099",0
"2300","42101",25.91
"2301","42103",0
"2302","42105",0
"2303","42107",5.48
"2304","42109",0
"2305","42111",10.4388888888889
"2306","42113",0
"2307","42115",0
"2308","42117",0
"2309","42119",0
"2310","42121",0
"2311","42123",0
"2312","42125",0
"2313","42127",0
"2314","42129",0
"2315","42131",0
"2316","42133",1.87
"2317","44001",0
"2318","44003",0
"2319","44005",0
"2320","44007",1.99
"2321","44009",1.58
"2322","45001",0
"2323","45003",0
"2324","45005",0
"2325","45007",0
"2326","45009",0
"2327","45011",0
"2328","45013",0
"2329","45015",1.73
"2330","45017",0
"2331","45019",2.64
"2332","45021",0
"2333","45023",0
"2334","45025",0
"2335","45027",0
"2336","45029",0
"2337","45031",0
"2338","45033",0
"2339","45035",0
"2340","45037",0
"2341","45039",0
"2342","45041",3.71
"2343","45043",0
"2344","45045",1.37
"2345","45047",0
"2346","45049",0
"2347","45051",1.13888888888889
"2348","45053",0
"2349","45055",0
"2350","45057",0
"2351","45059",0
"2352","45061",0
"2353","45063",0
"2354","45065",0
"2355","45067",0
"2356","45069",0
"2357","45071",0
"2358","45073",0
"2359","45075",2.16
"2360","45077",5.87
"2361","45079",2.2
"2362","45081",0
"2363","45083",0.35
"2364","45085",5.73
"2365","45087",0
"2366","45089",0
"2367","45091",2.95
"2368","46003",0
"2369","46005",0
"2370","46007",0
"2371","46009",0
"2372","46011",9.64
"2373","46013",0
"2374","46015",0
"2375","46017",0
"2376","46019",0
"2377","46021",0
"2378","46023",0
"2379","46025",0
"2380","46027",0
"2381","46029",0
"2382","46031",0
"2383","46033",0
"2384","46035",0
"2385","46037",0
"2386","46039",0
"2387","46041",0
"2388","46043",0
"2389","46045",0
"2390","46047",0
"2391","46049",0
"2392","46051",0
"2393","46053",0
"2394","46055",0
"2395","46057",0
"2396","46059",0
"2397","46061",0
"2398","46063",0
"2399","46065",0
"2400","46067",0
"2401","46069",0
"2402","46071",0
"2403","46073",0
"2404","46075",0
"2405","46077",0
"2406","46079",0
"2407","46081",0
"2408","46083",0
"2409","46085",0
"2410","46087",0
"2411","46089",0
"2412","46091",0
"2413","46093",0
"2414","46095",0
"2415","46097",0
"2416","46099",4.21888888888889
"2417","46101",0
"2418","46103",3.04888888888889
"2419","46105",0
"2420","46107",0
"2421","46109",0
"2422","46111",0
"2423","46113",0
"2424","46115",0
"2425","46117",0
"2426","46119",0
"2427","46121",0
"2428","46123",0
"2429","46125",0
"2430","46127",0
"2431","46129",0
"2432","46135",0
"2433","46137",0
"2434","47001",0
"2435","47003",0
"2436","47005",0
"2437","47007",0
"2438","47009",0
"2439","47011",0
"2440","47013",0
"2441","47015",0
"2442","47017",0
"2443","47019",0
"2444","47021",0
"2445","47023",0
"2446","47025",0
"2447","47027",0
"2448","47029",0
"2449","47031",0
"2450","47033",0
"2451","47035",0
"2452","47037",8.10888888888889
"2453","47039",0
"2454","47041",0
"2455","47043",0
"2456","47045",0
"2457","47047",0
"2458","47049",0
"2459","47051",0
"2460","47053",0
"2461","47055",0
"2462","47057",0
"2463","47059",0
"2464","47061",0
"2465","47063",0
"2466","47065",6.41
"2467","47067",0
"2468","47069",0
"2469","47071",0
"2470","47073",0
"2471","47075",0
"2472","47077",0
"2473","47079",0
"2474","47081",0
"2475","47083",0
"2476","47085",0
"2477","47087",0
"2478","47089",0
"2479","47091",0
"2480","47093",2.14
"2481","47095",0
"2482","47097",0
"2483","47099",0
"2484","47101",0
"2485","47103",0
"2486","47105",0
"2487","47107",0
"2488","47109",0
"2489","47111",0
"2490","47113",3.12888888888889
"2491","47115",0
"2492","47117",0
"2493","47119",3.79888888888889
"2494","47121",0
"2495","47123",0
"2496","47125",1.79
"2497","47127",0
"2498","47129",0
"2499","47131",0
"2500","47133",0
"2501","47135",0
"2502","47137",0
"2503","47139",0
"2504","47141",0
"2505","47143",0
"2506","47145",0
"2507","47147",0
"2508","47149",1.9
"2509","47151",0
"2510","47153",0
"2511","47155",3.43
"2512","47157",4.82
"2513","47159",0
"2514","47161",0
"2515","47163",0
"2516","47165",1.92
"2517","47167",0
"2518","47169",0
"2519","47171",0
"2520","47173",0
"2521","47175",0
"2522","47177",0
"2523","47179",2.5
"2524","47181",0
"2525","47183",8.78888888888889
"2526","47185",0
"2527","47187",0.55
"2528","47189",0
"2529","48001",0
"2530","48003",0
"2531","48005",29.28
"2532","48007",0
"2533","48009",0
"2534","48011",0
"2535","48013",0
"2536","48015",0
"2537","48017",0
"2538","48019",0
"2539","48021",0
"2540","48023",0
"2541","48025",0
"2542","48027",16.39
"2543","48029",11.9288888888889
"2544","48031",0
"2545","48033",0
"2546","48035",0
"2547","48037",0
"2548","48039",16.23
"2549","48041",13.0388888888889
"2550","48043",0
"2551","48045",0
"2552","48047",0
"2553","48049",0
"2554","48051",0
"2555","48053",0
"2556","48055",0
"2557","48057",0
"2558","48059",0
"2559","48061",6.25888888888889
"2560","48063",0
"2561","48065",0
"2562","48067",0
"2563","48069",0
"2564","48071",0
"2565","48073",0
"2566","48075",0
"2567","48077",0
"2568","48079",0
"2569","48081",0
"2570","48083",0
"2571","48085",29.39
"2572","48087",0
"2573","48089",0
"2574","48091",0
"2575","48093",0
"2576","48095",0
"2577","48097",0
"2578","48099",0
"2579","48101",0
"2580","48103",0
"2581","48105",0
"2582","48107",0
"2583","48109",0
"2584","48111",0
"2585","48113",35.5788888888889
"2586","48115",0
"2587","48117",0
"2588","48119",0
"2589","48121",11.81
"2590","48123",0
"2591","48125",0
"2592","48127",0
"2593","48129",0
"2594","48131",0
"2595","48133",0
"2596","48135",0
"2597","48137",0
"2598","48139",0
"2599","48141",0.87
"2600","48143",0
"2601","48145",0
"2602","48147",0
"2603","48149",0
"2604","48151",0
"2605","48153",0
"2606","48155",0
"2607","48157",30.3988888888889
"2608","48159",0
"2609","48161",0
"2610","48163",0
"2611","48165",0
"2612","48167",26.1788888888889
"2613","48169",0
"2614","48171",0
"2615","48173",0
"2616","48175",0
"2617","48177",0
"2618","48179",0
"2619","48181",21.0188888888889
"2620","48183",0
"2621","48185",0
"2622","48187",0
"2623","48189",0
"2624","48191",0
"2625","48193",0
"2626","48195",0
"2627","48197",0
"2628","48199",0
"2629","48201",28.6288888888889
"2630","48203",0
"2631","48205",0
"2632","48207",0
"2633","48209",16.1788888888889
"2634","48211",0
"2635","48213",0
"2636","48215",9.84
"2637","48217",0
"2638","48219",0
"2639","48221",0
"2640","48223",0
"2641","48225",0
"2642","48227",0
"2643","48229",0
"2644","48231",0.58
"2645","48233",0
"2646","48235",0
"2647","48237",0
"2648","48239",0
"2649","48241",0
"2650","48243",0
"2651","48245",30.23
"2652","48247",0
"2653","48249",0
"2654","48251",0
"2655","48253",0
"2656","48255",0
"2657","48257",0
"2658","48259",0
"2659","48261",0
"2660","48263",0
"2661","48265",0
"2662","48267",0
"2663","48269",0
"2664","48271",0
"2665","48273",79.26
"2666","48275",0
"2667","48277",0
"2668","48279",0
"2669","48281",0
"2670","48283",0
"2671","48285",0
"2672","48287",0
"2673","48289",0
"2674","48291",0
"2675","48293",0
"2676","48295",0
"2677","48297",0
"2678","48299",0
"2679","48301",0
"2680","48303",18.23
"2681","48305",0
"2682","48307",0
"2683","48309",21.64
"2684","48311",0
"2685","48313",0
"2686","48315",0
"2687","48317",0
"2688","48319",0
"2689","48321",0
"2690","48323",0
"2691","48325",0
"2692","48327",0
"2693","48329",37.14
"2694","48331",0
"2695","48333",0
"2696","48335",0
"2697","48337",0
"2698","48339",22.3088888888889
"2699","48341",116.048888888889
"2700","48343",0
"2701","48345",0
"2702","48347",0
"2703","48349",0
"2704","48351",0
"2705","48353",0
"2706","48355",7.46888888888889
"2707","48357",0
"2708","48359",0
"2709","48361",0
"2710","48363",0
"2711","48365",0
"2712","48367",0
"2713","48369",0
"2714","48371",0
"2715","48373",0
"2716","48375",21
"2717","48377",0
"2718","48379",0
"2719","48381",21.0588888888889
"2720","48383",0
"2721","48385",0
"2722","48387",0
"2723","48389",0
"2724","48391",0
"2725","48393",0
"2726","48395",0
"2727","48397",0
"2728","48399",0
"2729","48401",0
"2730","48403",0
"2731","48405",0
"2732","48407",0
"2733","48409",0
"2734","48411",0
"2735","48413",0
"2736","48415",0
"2737","48417",0
"2738","48419",0
"2739","48421",0
"2740","48423",3.81
"2741","48425",0
"2742","48427",0
"2743","48429",0
"2744","48431",0
"2745","48433",0
"2746","48435",0
"2747","48437",0
"2748","48439",22.14
"2749","48441",0
"2750","48443",0
"2751","48445",0
"2752","48447",0
"2753","48449",0
"2754","48451",0
"2755","48453",12.41
"2756","48455",0
"2757","48457",0
"2758","48459",64.67
"2759","48461",0
"2760","48463",0
"2761","48465",0
"2762","48467",0
"2763","48469",29.2888888888889
"2764","48471",0
"2765","48473",0
"2766","48475",0
"2767","48477",0
"2768","48479",10.16
"2769","48481",0
"2770","48483",0
"2771","48485",0.76
"2772","48487",0
"2773","48489",0
"2774","48491",13.21
"2775","48493",0
"2776","48495",0
"2777","48497",0
"2778","48499",0
"2779","48501",0
"2780","48503",0
"2781","48505",0
"2782","48507",0
"2783","49001",0
"2784","49003",0
"2785","49005",2.73
"2786","49007",0
"2787","49009",0
"2788","49011",0.16
"2789","49013",0
"2790","49015",0
"2791","49017",0
"2792","49019",0
"2793","49021",0
"2794","49023",0
"2795","49025",0
"2796","49027",0
"2797","49029",0
"2798","49031",0
"2799","49033",0
"2800","49035",4.41
"2801","49037",0
"2802","49039",0
"2803","49041",0
"2804","49043",0
"2805","49045",0
"2806","49047",0
"2807","49049",0
"2808","49051",0
"2809","49053",0
"2810","49055",0
"2811","49057",0.43
"2812","50001",0
"2813","50003",0
"2814","50005",0
"2815","50007",1.92
"2816","50009",0
"2817","50011",0
"2818","50013",0
"2819","50015",0
"2820","50017",0
"2821","50019",0
"2822","50021",0
"2823","50023",0
"2824","50025",0
"2825","50027",0
"2826","51001",0
"2827","51003",0
"2828","51005",0
"2829","51007",0
"2830","51009",0
"2831","51011",0
"2832","51013",16.55
"2833","51015",0
"2834","51017",0
"2835","51019",0
"2836","51021",0
"2837","51023",0
"2838","51025",0
"2839","51027",0
"2840","51029",0
"2841","51031",2.74
"2842","51033",0
"2843","51035",0
"2844","51036",0
"2845","51037",136.5
"2846","51041",23.51
"2847","51043",0
"2848","51045",0
"2849","51047",0
"2850","51049",0
"2851","51051",0
"2852","51053",0
"2853","51057",0
"2854","51059",46.32
"2855","51061",0
"2856","51063",0
"2857","51065",0
"2858","51067",0
"2859","51069",43.88
"2860","51071",0
"2861","51073",0
"2862","51075",158.218888888889
"2863","51077",0
"2864","51079",0
"2865","51081",0
"2866","51083",94.81
"2867","51085",0
"2868","51087",44.78
"2869","51089",0
"2870","51091",0
"2871","51093",0
"2872","51095",51.28
"2873","51097",0
"2874","51099",0
"2875","51101",0
"2876","51103",0
"2877","51105",0
"2878","51107",87.8488888888889
"2879","51109",0
"2880","51111",0
"2881","51113",0
"2882","51115",0
"2883","51117",0
"2884","51119",0
"2885","51121",39.0488888888889
"2886","51125",0
"2887","51127",0
"2888","51131",0
"2889","51133",0
"2890","51135",0
"2891","51137",0
"2892","51139",0
"2893","51141",0
"2894","51143",0
"2895","51145",0
"2896","51147",0
"2897","51149",0
"2898","51153",43.4788888888889
"2899","51155",0
"2900","51157",0
"2901","51159",0
"2902","51161",0
"2903","51163",0
"2904","51165",0
"2905","51167",0
"2906","51169",0
"2907","51171",0
"2908","51173",0
"2909","51175",0
"2910","51177",28.07
"2911","51179",0
"2912","51181",0
"2913","51183",0
"2914","51185",0
"2915","51187",0
"2916","51191",0
"2917","51193",0
"2918","51195",0
"2919","51197",0
"2920","51199",0
"2921","51510",24.55
"2922","51515",0
"2923","51520",0
"2924","51530",0
"2925","51540",79.03
"2926","51550",15.46
"2927","51560",0
"2928","51570",0
"2929","51580",0
"2930","51590",79.7988888888889
"2931","51595",289.86
"2932","51600",0
"2933","51610",0
"2934","51620",0
"2935","51630",0
"2936","51640",0
"2937","51650",50
"2938","51660",70.25
"2939","51670",0
"2940","51678",0
"2941","51680",45.4688888888889
"2942","51683",90.8488888888889
"2943","51685",0
"2944","51690",0
"2945","51700",19.01
"2946","51710",42.45
"2947","51720",0
"2948","51730",105.98
"2949","51735",0
"2950","51740",35.9688888888889
"2951","51750",0
"2952","51760",34.24
"2953","51770",70.8188888888889
"2954","51775",0
"2955","51790",0
"2956","51800",0
"2957","51810",7.84
"2958","51820",0
"2959","51830",0
"2960","51840",3.82
"2961","53001",0
"2962","53003",0
"2963","53005",4.57
"2964","53007",0
"2965","53009",0
"2966","53011",0.72
"2967","53013",0
"2968","53015",0
"2969","53017",0
"2970","53019",0
"2971","53021",0
"2972","53023",0
"2973","53025",0
"2974","53027",0
"2975","53029",0
"2976","53031",0
"2977","53033",6.36
"2978","53035",0
"2979","53037",0
"2980","53039",0
"2981","53041",0
"2982","53043",0
"2983","53045",0
"2984","53047",0
"2985","53049",0
"2986","53051",0
"2987","53053",0.77
"2988","53055",0
"2989","53057",0
"2990","53059",0
"2991","53061",4.53
"2992","53063",0.65
"2993","53065",0
"2994","53067",2.44
"2995","53069",0
"2996","53071",0
"2997","53073",1.53
"2998","53075",6.88
"2999","53077",1.27
"3000","54001",0
"3001","54003",0
"3002","54005",12.5088888888889
"3003","54007",0
"3004","54009",0
"3005","54011",0.62
"3006","54013",0
"3007","54015",0
"3008","54017",0
"3009","54019",0
"3010","54021",0
"3011","54023",0
"3012","54025",0
"3013","54027",0
"3014","54029",0
"3015","54031",0
"3016","54033",4.46
"3017","54035",0
"3018","54037",0
"3019","54039",0
"3020","54041",0
"3021","54043",0
"3022","54045",0
"3023","54047",0
"3024","54049",0
"3025","54051",0
"3026","54053",0
"3027","54055",4.95
"3028","54057",0
"3029","54059",0
"3030","54061",3.2
"3031","54063",0
"3032","54065",0
"3033","54067",0
"3034","54069",6.92888888888889
"3035","54071",0
"3036","54073",0
"3037","54075",0
"3038","54077",0
"3039","54079",0
"3040","54081",3.91
"3041","54083",0
"3042","54085",0
"3043","54087",0
"3044","54089",0
"3045","54091",0
"3046","54093",0
"3047","54095",0
"3048","54097",0
"3049","54099",0
"3050","54101",0
"3051","54103",0
"3052","54105",0
"3053","54107",0
"3054","54109",0
"3055","55001",0
"3056","55003",0
"3057","55005",6.71
"3058","55007",0
"3059","55009",1.24
"3060","55011",0
"3061","55013",0
"3062","55015",0
"3063","55017",0
"3064","55019",0
"3065","55021",0
"3066","55023",0
"3067","55025",5.36
"3068","55027",0
"3069","55029",0
"3070","55031",0
"3071","55033",0
"3072","55035",4.23
"3073","55037",0
"3074","55039",0
"3075","55041",0
"3076","55043",0
"3077","55045",0
"3078","55047",0
"3079","55049",0
"3080","55051",0
"3081","55053",0
"3082","55055",0
"3083","55057",0
"3084","55059",1.85
"3085","55061",0
"3086","55063",2.69
"3087","55065",0
"3088","55067",0
"3089","55069",0
"3090","55071",0
"3091","55073",0
"3092","55075",0
"3093","55077",0
"3094","55078",0
"3095","55079",9.66
"3096","55081",0
"3097","55083",0
"3098","55085",0
"3099","55087",1.74
"3100","55089",0
"3101","55091",0
"3102","55093",0
"3103","55095",0
"3104","55097",0
"3105","55099",0
"3106","55101",1.58
"3107","55103",0
"3108","55105",0.12
"3109","55107",0
"3110","55109",0
"3111","55111",0
"3112","55113",0
"3113","55115",0
"3114","55117",0.61
"3115","55119",0
"3116","55121",0
"3117","55123",0
"3118","55125",0
"3119","55127",0
"3120","55129",0
"3121","55131",0
"3122","55133",0
"3123","55135",0
"3124","55137",0
"3125","55139",1.84
"3126","55141",4.12
"3127","56001",8.49
"3128","56003",0
"3129","56005",0
"3130","56007",0
"3131","56009",0
"3132","56011",0
"3133","56013",0
"3134","56015",0
"3135","56017",0
"3136","56019",0
"3137","56021",4.45
"3138","56023",0
"3139","56025",0
"3140","56027",0
"3141","56029",0
"3142","56031",0
"3143","56033",0
"3144","56035",0
"3145","56037",0
"3146","56039",0
"3147","56041",0
"3148","56043",0
"3149","56045",0
